title,company,location,state,date_posted,job_type,salary,is_remote,job_url_direct,_is_entry,_is_remote_yes,_date
Data Services Analyst,Real Time Resolutions Inc,"Dallas, TX, US","Texas, USA",2025-08-29,fulltime,56000.0,Yes,http://www.indeed.com/job/data-services-analyst-ea9c995e9d7dac5d,False,True,2025-08-29
Business Intelligence  Strategy Analyst,McKesson,"Irving, TX, US","Texas, USA",2025-08-28,Unknown,147050.0,No,https://careers.mckesson.com/en/job/-/-/733/85568404272,False,False,2025-08-28
Data Analytics Lead Analyst  Vice President,Information Technology Senior Management Forum,"Irving, TX, US","Texas, USA",2025-08-28,fulltime,157200.0,No,https://jobs.itsmfleaders.org/job/8e438e/data-analytics-lead-analyst-vice-president/irving/tx,False,False,2025-08-28
IT Business Analyst,Firefly Aerospace,"Cedar Park, TX, US","Texas, USA",2025-08-28,fulltime,103106.5,No,https://firefly.hrmdirect.com/employment/view.php?req=3506469&jbsrc=1014&location=0dfda81b-6879-da33-d79a-5b3f12789446,False,False,2025-08-28
Systems Analyst 3 529601519,LMG Technology Services LLC,"Austin, TX, US","Texas, USA",2025-08-28,Unknown,126796.5,Yes,https://ht-jobs.net/vo8ue7s?s=in,False,True,2025-08-28
IT Enterprise Reporting  Senior Data Analyst,LPL Financial,"Austin, TX, US","Texas, USA",2025-08-28,Unknown,115050.0,No,https://career.lpl.com/job/R-045779/IT-Enterprise-Reporting-Senior-Data-Analyst,False,False,2025-08-28
Business Analyst Intern,Kratos Defense,"Plano, TX, US","Texas, USA",2025-08-28,internship,42880.5,No,https://kratosdefense.submit4jobs.com/index.cfm?fuseaction=85347.viewjobdetail&CID=85347&JID=365826&source=Indeed&utm_source=Indeed&utm_medium=IndeedFreePost,False,False,2025-08-28
Program Controls Analyst,Freese and Nichols,"Fort Worth, TX, US","Texas, USA",2025-08-28,Unknown,89106.0,Yes,https://freese.wd1.myworkdayjobs.com/en-US/Freese_Nichols_External/job/Fort-Worth-Texas/Program-Controls-Analyst_JR103062,False,True,2025-08-28
Analytics Analyst I,BigCommerce,"Austin, TX, US","Texas, USA",2025-08-28,fulltime,70500.0,No,https://bigcommerce.wd12.myworkdayjobs.com/en-US/Commerce/job/Austin-TX/Analytics-Analyst-I_JR102266,False,False,2025-08-28
Senior Accessibility Analyst Workplace Investing,Fidelity Investments,"Westlake, TX, US","Texas, USA",2025-08-28,Unknown,107876.5,No,https://jobs.fidelity.com/en/jobs/2115264/senior-accessibility-analyst-workplace-investing/,False,False,2025-08-28
Staffing Analyst  Full Time  Day,Houston Methodist,"Houston, TX, US","Texas, USA",2025-08-28,fulltime,49639.0,No,https://click.appcast.io/t/UbwfVhGKLNH4Chcehri4NmjOyCNc1AlQ9BVTw46Lc48=,False,False,2025-08-28
Access Center Workforce Management Analyst,Houston Methodist,"Katy, TX, US","Texas, USA",2025-08-28,fulltime,69760.0,No,https://click.appcast.io/t/F0Bn2BBbMryggDhElLRNVjMAnzBhLSmhQlv7wAcl8uA=,False,False,2025-08-28
EDI Analyst,McLane Global,"Houston, TX, US","Texas, USA",2025-08-28,fulltime,65000.0,No,https://apply.workable.com/j/0ED40F8D06,False,False,2025-08-28
Data Analyst IV,Texas Health and Human Services Commission,"Austin, TX, US","Texas, USA",2025-08-28,fulltime,6129.5,No,https://careers.hhs.texas.gov/dfpsjobs/job/AUSTIN-Data-Analyst-IV-TX-73301/1321542300/,False,False,2025-08-28
Institutional Research Analyst I,Sam Houston State University,"Huntsville, TX, US","Texas, USA",2025-08-28,fulltime,33852.5,No,https://shsu.peopleadmin.com/postings/44723,False,False,2025-08-28
Analyst Product Data,Celestica,"Richardson, TX, US","Texas, USA",2025-08-28,Unknown,63475.5,No,https://careers.celestica.com/job/Richardson-Analyst%2C-Product-Data-TX-75080/1242274401/,False,False,2025-08-28
Cyber Threat Intelligence Analyst,"AIG Employee Services, Inc.","Houston, TX, US","Texas, USA",2025-08-28,fulltime,96107.0,No,https://aig.wd1.myworkdayjobs.com/aig/job/NC-Charlotte/Cyber-Threat-Intelligence-Analyst_JR2503606,False,False,2025-08-28
Senior Analyst Commercial Strategy,JSX,"Dallas, TX, US","Texas, USA",2025-08-28,fulltime,80000.0,No,https://recruiting2.ultipro.com/JET1001JETS/JobBoard/83d73bc0-3085-4441-a386-dd79dcc22eb0/OpportunityDetail?opportunityId=159aefab-c6c7-4e25-a22e-32579b5ee3a5&postingId=6121d1b6-6895-4e40-bfd1-3f756d8ac096,False,False,2025-08-28
Business Operations Data Integrity Analyst,NCR Atleos,"Frisco, TX, US","Texas, USA",2025-08-28,fulltime,51618.0,No,https://ncratleos.wd1.myworkdayjobs.com/en-US/ext_atleos_us/job/Frisco-TX-USA/Business-Operations-Data-Integrity-Analyst_R1149695,False,False,2025-08-28
Analytics Analyst I,Commerce,"Austin, TX, US","Texas, USA",2025-08-28,fulltime,70500.0,No,https://bigcommerce.wd12.myworkdayjobs.com/en-US/Commerce/job/Austin-TX/Analytics-Analyst-I_JR102266,False,False,2025-08-28
Senior Business Analyst,AdventHealth Central Texas,"Killeen, TX, US","Texas, USA",2025-08-28,fulltime,45.0,No,https://AdventHealth.contacthr.com/148842413,False,False,2025-08-28
Senior Analyst aptitude,"Vizient, Inc.","Irving, TX, US","Texas, USA",2025-08-28,Unknown,92400.0,No,https://careers.vizientinc.com/careers/job/446707544622,False,False,2025-08-28
Sr Data Analyst Clinical Analytics and Reporting,DaVita,"Houston, TX, US","Texas, USA",2025-08-28,fulltime,17.5,No,https://click.jobsplice.com/redirect/NDQzODY1Mi4xMTA0Ljc=,False,False,2025-08-28
Internal Controls  Compliance Analyst,"Tailored Shared Services, LLC","Houston, TX, US","Texas, USA",2025-08-27,fulltime,100352.0,Yes,https://apply.tailoredbrands.com/careers/job/31029721?domain=tailoredbrands.com,False,True,2025-08-27
Business Insight Analyst IV Hybrid in Dallas TX,Tenet Healthcare,"Dallas, TX, US","Texas, USA",2025-08-27,fulltime,93575.0,No,https://jobs.tenethealth.com/job/-/-/1127/85503404112,False,False,2025-08-27
Junior Business Analyst  Asset Management,Zekelman Industries,"Austin, TX, US","Texas, USA",2025-08-27,fulltime,65000.0,No,https://zekelman.wd12.myworkdayjobs.com/Careers/job/Chandler-AZ/Junior-Business-Analyst---Asset-Management_JR000718,True,False,2025-08-27
Eligibility Analyst,CVS Health,"Austin, TX, US","Texas, USA",2025-08-25,fulltime,64478.0,No,https://jsv3.recruitics.com/redirect?rx_cid=998&rx_jobId=R0650214&rx_url=https%3A%2F%2Fjobs.cvshealth.com%2Fus%2Fen%2Fjob%2FR0650214%2FEligibility-Analyst%3Frx_campaign%3Dindeed0%26rx_ch%3Djobp4p%26rx_group%3D103511%26rx_id%3D8db51256-83a2-11f0-9696-29c82306476e%26rx_job%3DR0650214%26rx_medium%3Dcpc%26rx_r%3Dnone%26rx_source%3DIndeed%26rx_ts%3D20250830T000124Z%26rx_vp%3Dcpc%26utm_campaign%3D%26utm_source%3DIndeedPPCOrg,False,False,2025-08-25
Data Analyst,Ericsson-Worldwide,"Lewisville, TX, US","Texas, USA",2025-08-24,Unknown,146692.5,No,https://jobs.ericsson.com/careers/job/563121767367541?domain=ericsson.com,False,False,2025-08-24
PBM Senior Reporting Analyst,CVS Health,"Austin, TX, US","Texas, USA",2025-08-24,fulltime,84694.0,Yes,https://jsv3.recruitics.com/redirect?rx_cid=998&rx_jobId=R0689855_1041&rx_url=https%3A%2F%2Fjobs.cvshealth.com%2Fus%2Fen%2Fjob%2FR0689855_1041%2FPBM-Senior-Reporting-Analyst%3Frx_campaign%3Dindeed0%26rx_ch%3Djobp4p%26rx_group%3D103511%26rx_id%3D4e48fbe8-837a-11f0-95b0-57032ac424e9%26rx_job%3DR0689855_1041%26rx_medium%3Dcpc%26rx_r%3Dnone%26rx_source%3DIndeed%26rx_ts%3D20250830T000124Z%26rx_vp%3Dcpc%26utm_campaign%3D%26utm_source%3DIndeedPPCOrg,False,True,2025-08-24
Business Analyst II  AMZ265121,Amazon.com,"Austin, TX, US","Texas, USA",2025-08-19,fulltime,84087.5,No,https://www.amazon.jobs/jobs/3062791/business-analyst-ii--amz?cmpid=DA_INAD200785B,False,False,2025-08-19
Business Analyst II  AMZ265121,Amazon.com,"Austin, TX, US","Texas, USA",2025-08-19,Unknown,79946.5,No,https://www.amazon.jobs/en/jobs/3062791/business-analyst-ii-amz26512-1?adhoc_referrer=indeed_organic,False,False,2025-08-19
Senior Betting  Gaming Delivery Consultant Advisory,Amazon Web Services,"Dallas, TX, US","Texas, USA",2025-08-03,fulltime,188600.0,No,https://www.amazon.jobs/jobs/3059282/senior-betting--gaming-delivery-consultant-advisory?cmpid=DA_INAD200785B,False,False,2025-08-03
Senior Betting  Gaming Delivery Consultant Advisory,Amazon Web Services,"Austin, TX, US","Texas, USA",2025-08-03,fulltime,188600.0,No,https://www.amazon.jobs/jobs/3059282/senior-betting--gaming-delivery-consultant-advisory?cmpid=DA_INAD200785B,False,False,2025-08-03
Business Analyst Remote Opportunity,VetsEZ,"Austin, TX, US","Texas, USA",2025-07-31,fulltime,96149.0,Yes,https://vetsez.breezy.hr/p/1c05b6d36b5f01-business-analyst-remote-opportunity?source=indeed,False,True,2025-07-31
Senior Compliance Data Analyst NAST SC DAS,Amazon.com,"Dallas, TX, US","Texas, USA",2025-07-30,fulltime,60900.0,No,https://www.amazon.jobs/jobs/3052956/senior-compliance-data-analyst-nast-sc-das?cmpid=DA_INAD200785B,False,False,2025-07-30
Salesforce Solution Analyst,GoodLeap,"Dallas, TX, US","Texas, USA",2025-07-24,fulltime,125000.0,No,https://jobs.lever.co/goodleap/48b7a6ee-d738-4dc2-907d-032dfcc62f0c?lever-source=Indeed,False,False,2025-07-24
Senior Compliance Data Analyst NAST SC DAS,Amazon.com,"Dallas, TX, US","Texas, USA",2025-07-15,fulltime,60900.0,No,https://www.amazon.jobs/jobs/3048390/senior-compliance-data-analyst-nast-sc-das?cmpid=DA_INAD200785B,False,False,2025-07-15
Business Analyst,Amazon.com,"Austin, TX, US","Texas, USA",2025-07-13,fulltime,105000.0,No,https://www.amazon.jobs/jobs/3034711/business-analyst?cmpid=DA_INAD200785B,False,False,2025-07-13
Business Analyst Amazon Logistics AMZL SOP Planning,Amazon.com,"Austin, TX, US","Texas, USA",2025-06-10,fulltime,105000.0,No,https://www.amazon.jobs/jobs/3007598/business-analyst-amazon-logistics-amzl-sop-planning?cmpid=DA_INAD200785B,False,False,2025-06-10
Business Analyst AMZL,Amazon.com,"Austin, TX, US","Texas, USA",2025-04-17,fulltime,105000.0,No,https://www.amazon.jobs/jobs/2959810/business-analyst-amzl?cmpid=DA_INAD200785B,False,False,2025-04-17
Senior Delivery Consultant  Data  Analytics Worldwide Public Sector Professional Services State and Local Government  Education,Amazon Web Services,"Dallas, TX, US","Texas, USA",2025-04-15,fulltime,146818.0,No,https://www.amazon.jobs/jobs/2965433/senior-delivery-consultant--data--analytics-worldwide-public-sector-professional-services-state-and-local-government--education?cmpid=DA_INAD200785B,False,False,2025-04-15
Senior Business Analyst,Amazon.com,"Austin, TX, US","Texas, USA",2025-02-11,fulltime,145700.0,No,https://www.amazon.jobs/jobs/2899994/senior-business-analyst?cmpid=DA_INAD200785B,False,False,2025-02-11
Business Analyst,Amazon.com,"Austin, TX, US","Texas, USA",2025-01-21,fulltime,105000.0,No,https://www.amazon.jobs/jobs/2883250/business-analyst?cmpid=DA_INAD200785B,False,False,2025-01-21
Sr Data Analyst,BMO US,"San Ramon, CA, US","California, USA",2025-08-28,fulltime,116600.0,No,https://bmo.wd3.myworkdayjobs.com/en-US/External/job/San-Ramon-CA-USA/Sr-Data-Analyst_R250021917?source=Indeed,False,False,2025-08-28
Supplier Business Analyst,Regal Wine Company,"Santa Rosa, CA, US","California, USA",2025-08-28,fulltime,73792.0,No,https://app.jobvite.com/CompanyJobs/Job.aspx?j=o3joxfw1&s=Indeed,False,False,2025-08-28
Senior Compensation Analyst Temp,Sanmina,"San Jose, CA, US","California, USA",2025-08-28,temporary,135000.0,No,https://sanminacareers.mua.hrdepartment.com/hr/ats/Posting/view/101925,False,False,2025-08-28
Data Collection Analyst,Booz Allen Hamilton,"Port Hueneme, CA, US","California, USA",2025-08-28,fulltime,101450.0,Yes,https://careers.boozallen.com/careers/JobDetail?jobId=115021,False,True,2025-08-28
AntiFraud Data Analyst  USDS,TikTok,"San Jose, CA, US","California, USA",2025-08-28,Unknown,169311.5,No,https://lifeattiktok.com/search/7543667090965924114,False,False,2025-08-28
Data Analyst,CarParts.com,"Torrance, CA, US","California, USA",2025-08-28,fulltime,97500.0,No,https://workforcenow.adp.com/mascsr/default/mdf/recruitment/recruitment.html?cid=ad933d4d-2649-4054-8cc2-d704d60ff765&ccId=19000101_000001&jobId=509157&source=IN&lang=en_US,False,False,2025-08-28
Business Analyst II Full Time United States,Cisco,"San Jose, CA, US","California, USA",2025-08-28,fulltime,107759.0,No,https://jobs.cisco.com/jobs/ProjectDetail/Business-Analyst-II-Full-Time-United-States/1448964,False,False,2025-08-28
Business Analyst IT Applications,Xperi,"San Jose, CA, US","California, USA",2025-08-28,fulltime,113420.0,No,https://app.jobvite.com/CompanyJobs/Job.aspx?j=oLSvxfwp&s=Indeed,False,False,2025-08-28
Data Analyst,Disney Direct to Consumer,"Santa Monica, CA, US","California, USA",2025-08-28,Unknown,114600.0,No,https://www.disneycareers.com/job/-/-/391/85522500320,False,False,2025-08-28
Senior Data Analyst,Disney Direct to Consumer,"Santa Monica, CA, US","California, USA",2025-08-28,Unknown,138100.0,No,https://www.disneycareers.com/job/-/-/391/85534205104,False,False,2025-08-28
AnalystRevenue Management  Analytics,Disney Experiences,"Anaheim, CA, US","California, USA",2025-08-28,Unknown,104600.0,No,https://www.disneycareers.com/job/-/-/391/85529658224,False,False,2025-08-28
Operations Data Analyst Senior,Pacific Gas and Electric,"Cupertino, CA, US","California, USA",2025-08-28,fulltime,127850.0,Yes,https://jobs.pge.com/job/-/-/29673/85542133744,False,True,2025-08-28
Business Intelligence Analyst Intern Anaheim CA,L3Harris,"Anaheim, CA, US","California, USA",2025-08-28,internship,29.5,No,https://careers.harris.com/job/-/-/4832/85525308128,False,False,2025-08-28
Configuration  Data Management Analyst Journeyman,Precise Systems,"San Diego, CA, US","California, USA",2025-08-28,Unknown,98041.0,No,https://jobs.silkroad.com/Precise/ProfessionalCareers/jobs/4384/?source=Indeed.com,False,False,2025-08-28
Investment Market Data Analyst,California Public Employees' Retirement System (CalPERS),"Sacramento, CA, US","California, USA",2025-08-28,fulltime,6327.5,Yes,https://calcareers.ca.gov/CalHrPublic/Jobs/JobPosting.aspx?JobControlId=490289,False,True,2025-08-28
FSR Analyst,DCI Solutions,"San Diego, CA, US","California, USA",2025-08-28,fulltime,120000.0,No,http://www.indeed.com/job/fsr-analyst-dbcd8e90568edbfc,False,False,2025-08-28
FSR Analyst,DCI Solutions,"Camp Pendleton, CA, US","California, USA",2025-08-28,fulltime,120000.0,No,http://www.indeed.com/job/fsr-analyst-6d19378b4580ce58,False,False,2025-08-28
Business Analyst grant management,FedTec,"San Francisco, CA, US","California, USA",2025-08-28,"fulltime, contract",60.0,No,http://www.indeed.com/job/business-analyst-grant-management-10433ceafd021075,False,False,2025-08-28
Research Data Intelligence Analyst Epic ClarityCaboodle  Remote,Cedars-Sinai Medical Center,"Beverly Hills, CA, US","California, USA",2025-08-27,Unknown,125226.0,Yes,https://careers.cshs.org/job/-/-/252/85533734784,False,True,2025-08-27
ASSOCIATE GOVERNMENTAL PROGRAM ANALYST,Department of Social Services,"CA, US","California, USA",2025-08-27,fulltime,6789.0,No,https://www.calcareers.ca.gov/CalHrPublic/Jobs/JobPosting.aspx?JobControlId=490370,False,False,2025-08-27
Rotational Program  Finance Insights  Data Analyst,Roche,"Pleasanton, CA, US","California, USA",2025-08-27,fulltime,108300.0,No,https://careers.roche.com/global/en/job/202508-121175,False,False,2025-08-27
Research Data Intelligence Analyst Epic ClarityCaboodle,Cedars-Sinai Medical Center,"Beverly Hills, CA, US","California, USA",2025-08-27,Unknown,125226.0,Yes,https://careers.cshs.org/job/beverly-hills/research-data-intelligence-analyst-epic-clarity-caboodle-remote/252/85533734784,False,True,2025-08-27
Senior Data Analyst,The Walt Disney Company,"Santa Monica, CA, US","California, USA",2025-08-27,Unknown,138100.0,No,https://jobs.disneycareers.com/job/santa-monica/senior-data-analyst/391/85534205104,False,False,2025-08-27
Business Intelligence Specialist,ABB,"San Pedro, CA, US","California, USA",2025-08-27,fulltime,87796.5,No,https://careers.abb/global/en/job/JR00008601,False,False,2025-08-27
Manufacturing Data Analyst,Sanmina,"San Jose, CA, US","California, USA",2025-08-27,Unknown,103000.0,No,https://sanminacareers.mua.hrdepartment.com/hr/ats/Posting/view/99428,False,False,2025-08-27
Business Analyst,Solar Turbines,"San Diego, CA, US","California, USA",2025-08-27,fulltime,150374.0,No,https://cat.wd5.myworkdayjobs.com/en-US/SolarTurbines/job/San-Diego-California/Business-Analyst_R0000321590,False,False,2025-08-27
Research Data Intelligence Analyst Epic ClarityCaboodle  Remote,Cedars-Sinai Medical Center,"Beverly Hills, CA, US","California, USA",2025-08-27,Unknown,125226.0,Yes,https://careers.cshs.org/job/beverly-hills/research-data-intelligence-analyst-epic-clarity-caboodle-remote/252/85533734784,False,True,2025-08-27
AnalystRevenue Management  Analytics,The Walt Disney Company,"Anaheim, CA, US","California, USA",2025-08-27,Unknown,104600.0,No,https://jobs.disneycareers.com/job/anaheim/analyst-revenue-management-and-analytics/391/85529658224,False,False,2025-08-27
Configuration  Data Management Analyst Journeyman,Precise Systems,"San Diego, CA, US","California, USA",2025-08-27,fulltime,98041.0,No,https://jobs.silkroad.com/Precise/ProfessionalCareers/jobs/4384?embedded=true,False,False,2025-08-27
Data Analyst,EvenUp,"San Francisco, CA, US","California, USA",2025-08-27,fulltime,182500.0,Yes,https://jobs.ashbyhq.com/evenup/777d2c7a-fbb6-4055-b7e3-cb45f2b2616b?utm_source=qrwm0P0aXz,False,True,2025-08-27
Conflicts Data Analyst,Kahana & Feld LLP,"Irvine, CA, US","California, USA",2025-08-27,fulltime,31.0,No,https://recruiting.paylocity.com/recruiting/jobs/Details/3455179/Kahana-Feld-LLP/Conflicts-Data-Analyst?source=Indeed_Feed,False,False,2025-08-27
US Navy Preventative Maintenance System Analyst,"JSL Technologies, Inc","San Diego, CA, US","California, USA",2025-08-27,fulltime,80000.0,No,https://recruiting.paylocity.com/recruiting/jobs/Details/3534438/JSL-Technologies-Incorporated/US-Navy-Preventative-Maintenance-System-Analyst?source=Indeed_Feed,False,False,2025-08-27
Analyst Product Growth Strategy Apps  Industries,Salesforce,"San Francisco, CA, US","California, USA",2025-08-27,fulltime,134400.0,No,https://salesforce.wd12.myworkdayjobs.com/en-US/External_Career_Site/job/California---San-Francisco/Analyst--Product-Growth-Strategy--Apps---Industries_JR308120,False,False,2025-08-27
ASSOCIATE GOVERNMENTAL PROGRAM ANALYST,DEPARTMENT OF WATER RESOURCES,"CA, US","California, USA",2025-08-27,fulltime,6789.0,No,https://www.calcareers.ca.gov/CalHrPublic/Jobs/JobPosting.aspx?JobControlId=489816,False,False,2025-08-27
ASSOCIATE GOVERNMENTAL PROGRAM ANALYST,Caltrans - CA Dept. of Transportation,"CA, US","California, USA",2025-08-27,fulltime,6789.0,No,https://www.calcareers.ca.gov/CalHrPublic/Jobs/JobPosting.aspx?JobControlId=490283,False,False,2025-08-27
Senior Research Data Analyst,UCLA Health,"Los Angeles, CA, US","California, USA",2025-08-27,Unknown,11300.0,No,http://www.uclahealthcareers.org/job/22364927/senior-research-data-analyst-los-angeles-ca/?utm_content=Senior Research Data Analyst&utm_term=26368&utm_campaign=Default Campaign&utm_medium=symphonytalent-jobads&utm_source=Indeed,False,False,2025-08-27
Financial Analyst EntryLevel or Associate,Boeing,"El Segundo, CA, US","California, USA",2025-08-27,Unknown,75050.0,No,https://jobs.boeing.com/job/-/-/185/85503786160,True,False,2025-08-27
Sr Data Analyst,Disney Direct to Consumer,"Santa Monica, CA, US","California, USA",2025-08-27,Unknown,138100.0,No,https://www.disneycareers.com/job/-/-/391/85490470464,False,False,2025-08-27
Senior Data Analyst,WelbeHealth,"CA, US","California, USA",2025-08-26,fulltime,104726.0,No,https://jsv3.recruitics.com/redirect?rx_cid=3517&rx_jobId=8143076002&rx_url=https%3A%2F%2Fcareers.welbehealth.com%2Fus%2Fen%2Fjob%2F8143076002%3Fgh_src%3D7d8756e42us%26rx_ats_source%3D7d8756e42us%26rx_campaign%3Dindeed0%26rx_ch%3Djobp4p%26rx_group%3D132185%26rx_id%3D969b1366-8479-11f0-b2df-9784a0d54d7c%26rx_job%3D8143076002%26rx_medium%3Dcpc%26rx_r%3Dnone%26rx_source%3DIndeed%26rx_ts%3D20250830T000219Z%26rx_vp%3Dcpc%26utm_campaign%3Drecruitics%26utm_medium%3Dorganic%26utm_source%3Dindeed,False,False,2025-08-26
Data Analytics Engineer Embedded Business Unit,Micron Technology,"San Jose, CA, US","California, USA",2025-08-26,fulltime,187128.0,No,https://careers.micron.com/careers/job/30948526?utm_source=indeed&domain=micron.com,False,False,2025-08-26
Senior Business Analyst FT Days,PIH Health,"Whittier, CA, US","California, USA",2025-08-26,fulltime,48.0,No,https://jobs.pihhealth.org/job/-/-/912/85496043648,False,False,2025-08-26
Senior Business Analyst,East West Bank,"El Monte, CA, US","California, USA",2025-08-25,fulltime,94500.0,No,https://careers-eastwestbank.icims.com/jobs/12322/job?utm_source=indeed_integration&iis=Job%20Board&iisn=Indeed&indeed-apply-token=73a2d2b2a8d6d5c0a62696875eaebd669103652d3f0c2cd5445d3e66b1592b0f,False,False,2025-08-25
PBM Senior Reporting Analyst,CVS Health,"Sacramento, CA, US","California, USA",2025-08-24,fulltime,84694.0,Yes,https://jsv3.recruitics.com/redirect?rx_cid=998&rx_jobId=R0689855_1003&rx_url=https%3A%2F%2Fjobs.cvshealth.com%2Fus%2Fen%2Fjob%2FR0689855_1003%2FPBM-Senior-Reporting-Analyst%3Frx_campaign%3Dindeed0%26rx_ch%3Djobp4p%26rx_group%3D103511%26rx_id%3D43b0bc86-837a-11f0-95b0-85004fd11bf9%26rx_job%3DR0689855_1003%26rx_medium%3Dcpc%26rx_r%3Dnone%26rx_source%3DIndeed%26rx_ts%3D20250830T000124Z%26rx_vp%3Dcpc%26utm_campaign%3D%26utm_source%3DIndeedPPCOrg,False,True,2025-08-24
Senior Betting  Gaming Delivery Consultant Advisory,Amazon Web Services,"Palo Alto, CA, US","California, USA",2025-08-03,fulltime,188600.0,No,https://www.amazon.jobs/jobs/3059282/senior-betting--gaming-delivery-consultant-advisory?cmpid=DA_INAD200785B,False,False,2025-08-03
Senior Business Analyst RISC GDA,Amazon.com,"San Diego, CA, US","California, USA",2025-04-30,fulltime,145700.0,No,https://www.amazon.jobs/jobs/3047235/senior-business-analyst-risc-gda?cmpid=DA_INAD200785B,False,False,2025-04-30
Senior Business Analyst RISC GDA,Amazon.com,"San Diego, CA, US","California, USA",2025-04-27,fulltime,145700.0,No,https://www.amazon.jobs/jobs/2975186/senior-business-analyst-risc-gda?cmpid=DA_INAD200785B,False,False,2025-04-27
Business Analyst III  Fulfillment by Amazon FBA Science,Amazon.com,"Sunnyvale, CA, US","California, USA",2025-04-03,fulltime,145700.0,No,https://www.amazon.jobs/jobs/2955167/business-analyst-iii--fulfillment-by-amazon-fba-science?cmpid=DA_INAD200785B,False,False,2025-04-03
Inventory Data Analyst,The BFLO Store,"Williamsville, NY, US","New York, USA",2025-08-29,parttime,19.0,No,http://www.indeed.com/job/inventory-data-analyst-0218dbb6d3ea543f,False,False,2025-08-29
Data Analyst,Maimonides Medical Center,"Brooklyn, NY, US","New York, USA",2025-08-28,fulltime,62333.0,No,https://careers.maimo.org/jobs/10787/job?utm_source=indeed_integration&iis=Job%20Board&iisn=Indeed&indeed-apply-token=73a2d2b2a8d6d5c0a62696875eaebd669103652d3f0c2cd5445d3e66b1592b0f,False,False,2025-08-28
Energy Data Analyst III,TRC,"Clifton Park, NY, US","New York, USA",2025-08-28,fulltime,94646.5,No,https://careers.trccompanies.com/jobs/24086/job?utm_source=indeed_integration&iis=Job%20Board&iisn=Indeed&indeed-apply-token=73a2d2b2a8d6d5c0a62696875eaebd669103652d3f0c2cd5445d3e66b1592b0f,False,False,2025-08-28
Sr Analyst Compliance Program Effectiveness Data and Aggregation,TD Bank,"New York, NY, US","New York, USA",2025-08-28,fulltime,149240.0,No,https://td.wd3.myworkdayjobs.com/en-US/TD_Bank_Careers/job/New-York-New-York/Sr-Analyst--Compliance-Program-Effectiveness-Data-and-Aggregation_R_1439953,False,False,2025-08-28
Sr Analyst Compliance Program Management,TD Bank,"New York, NY, US","New York, USA",2025-08-28,fulltime,149240.0,No,https://td.wd3.myworkdayjobs.com/en-US/TD_Bank_Careers/job/New-York-New-York/Sr-Analyst--Compliance-Program-Management_R_1439962,False,False,2025-08-28
Data Analyst,Cushman & Wakefield,"New York, NY, US","New York, USA",2025-08-28,fulltime,99067.5,Yes,https://cw.wd1.myworkdayjobs.com/External/job/New-York-New-York-USA/Data-Analyst_R284481,False,True,2025-08-28
Claims Quality Analyst,MetroPlusHealth,"New York, NY, US","New York, USA",2025-08-28,fulltime,60000.0,No,https://www.metroplusjobs.org/job/3132/claims-quality-analyst-claims-new-york-ny-126768/,False,False,2025-08-28
Lead Business Analyst  90352303  New York,Amtrak,"New York, NY, US","New York, USA",2025-08-28,Unknown,108278.0,No,https://careers.amtrak.com/job/New-York-Lead-Business-Analyst-90352303-New-York-NY-10001/1321455900/?feedId=75300&utm_source=Indeed&utm_campaign=Amtrak_Indeed,False,False,2025-08-28
Senior Financial Data Analyst  Healthcare,VillageCare,"New York, NY, US","New York, USA",2025-08-28,fulltime,93125.0,Yes,https://www.applicantpro.com/openings/villagecare/jobs/3843525-368765,False,True,2025-08-28
Senior Analyst,NS IT Solutions,"New York, NY, US","New York, USA",2025-08-28,Unknown,70.0,No,https://nsitsolutions.oorwin.com/careers/index.html#/job/indeed_details/c7e9c7545fe84025f5aa6dd945c474e3c988300c?source=indeed&postedby=115,False,False,2025-08-28
Business Analyst Automation RPA,Teachers Federal Credit Union,"Hauppauge, NY, US","New York, USA",2025-08-27,fulltime,103000.0,Yes,https://prd01-hcm01.prd.mykronos.com/ta/6078376.careers?ShowJob=2080644686,False,True,2025-08-27
Finance Global Reporting  Analytics GRA Lead Analyst Vice President,Citi,"New York, NY, US","New York, USA",2025-08-27,fulltime,162300.0,No,https://jobs.citi.com/job/-/-/287/85531626032,False,False,2025-08-27
Data Analytics Lead Analyst VP,Citi,"Getzville, NY, US","New York, USA",2025-08-27,fulltime,126000.0,No,https://jobs.citi.com/job/-/-/287/85516360080,False,False,2025-08-27
Analyst Gas Field Operations,National Grid,"Melville, NY, US","New York, USA",2025-08-27,fulltime,100000.0,No,https://jobs.nationalgrid.com/uk/jobs/69287/analyst-gas-field-operations/,False,False,2025-08-27
Data Analyst Scientific American,Springer Nature,"New York, NY, US","New York, USA",2025-08-27,fulltime,90000.0,No,https://springernature.wd3.myworkdayjobs.com/de-DE/SpringerNatureCareers/job/New-York/Data-Analyst--Scientific-American_JR104143,False,False,2025-08-27
Data Analytics Lead Analyst VP,Information Technology Senior Management Forum,"Getzville, NY, US","New York, USA",2025-08-27,fulltime,126000.0,No,https://jobs.itsmfleaders.org/job/9hgyze/data-analytics-lead-analyst-vp/getzville/ny,False,False,2025-08-27
Capacity Planning  Lifecycle Mgmt Analyst,Hudson Valley Credit Union,"Poughkeepsie, NY, US","New York, USA",2025-08-27,fulltime,108498.5,No,https://careers.hvcu.org/jobs/5310/job?utm_source=indeed_integration&iis=Job%20Board&iisn=Indeed&indeed-apply-token=73a2d2b2a8d6d5c0a62696875eaebd669103652d3f0c2cd5445d3e66b1592b0f,False,False,2025-08-27
Business Data Analyst With Banking  Risk Regulatory,Capgemini,"New York, NY, US","New York, USA",2025-08-27,fulltime,115993.0,No,https://www.capgemini.com/jobs/295517-en_GB+SAP_BTP/,False,False,2025-08-27
Enterprise Integration Business Partner,"Moog, Inc","Buffalo, NY, US","New York, USA",2025-08-27,fulltime,152500.0,No,https://moog.wd5.myworkdayjobs.com/en-US/MOOG_External_Career_Site/job/Buffalo-NY/Enterprise-Integration-Business-Partner_R-25-13788,False,False,2025-08-27
IT Business Solutions Analyst,"Take-Two Interactive Software, Inc.","New York, NY, US","New York, USA",2025-08-27,fulltime,89280.0,No,https://grnh.se/3pa5k3we1us,False,False,2025-08-27
Data Analyst,Columbia University,"Manhattanville, NY, US","New York, USA",2025-08-27,fulltime,80000.0,No,https://opportunities.columbia.edu/jobs/a3ebb473-4218-4025-843a-f8fad88d16f9,False,False,2025-08-27
Business Analyst,police department,"New York, NY, US","New York, USA",2025-08-27,fulltime,98931.5,No,https://cityjobs.nyc.gov/job/business-analyst-in-nyc-all-boros-jid-36005,False,False,2025-08-27
Senior Data Management Analyst,NYC Department of Design and Construction,"Queens, NY, US","New York, USA",2025-08-27,fulltime,85543.0,No,https://cityjobs.nyc.gov/job/senior-data-management-analyst-in-queens-jid-36000,False,False,2025-08-27
Business Analyst,Inizio Evoke,"New York, NY, US","New York, USA",2025-08-27,Unknown,110000.0,No,https://www.inizioevoke.com/vacancy/inizioevoke/7194623,False,False,2025-08-27
Business Analyst remote,HarperCollins Canada and Harlequin,"Depew, NY, US","New York, USA",2025-08-27,Unknown,77500.0,Yes,https://newscorp.com/careers/harpercollins-publishers/business-analyst-remote/,False,True,2025-08-27
Business Data Analyst,SeatScope,"New York, NY, US","New York, USA",2025-08-27,fulltime,82500.0,Yes,http://www.indeed.com/job/business-data-analyst-3347577874267648,False,True,2025-08-27
Business Intelligence Analyst Sellside Exchange Platforms,Google,"New York, NY, US","New York, USA",2025-08-26,fulltime,142000.0,No,https://careers.google.com/jobs/results/99793948804817606-business-intelligence-analyst/,False,False,2025-08-26
Data Analyst  Visualizer,Heritage Christian Services,"Rochester, NY, US","New York, USA",2025-08-26,fulltime,31.0,Yes,https://careers-heritagechristianservices.icims.com/jobs/11051/job?utm_source=indeed_integration&iis=Job%20Board&iisn=Indeed&indeed-apply-token=73a2d2b2a8d6d5c0a62696875eaebd669103652d3f0c2cd5445d3e66b1592b0f,False,True,2025-08-26
Data Management Analyst,Cantor Fitzgerald,"New York, NY, US","New York, USA",2025-08-26,fulltime,116000.0,No,https://hdow.fa.us6.oraclecloud.com/hcmUI/CandidateExperience/en/sites/CX_1003/requisitions/preview/245788,False,False,2025-08-26
Business Analyst remote,HarperCollins Canada and Harlequin,"Depew, NY, US","New York, USA",2025-08-26,fulltime,77500.0,No,https://careers-harpercollins.icims.com/jobs/5130/job?utm_source=indeed_integration&iis=Job%20Board&iisn=Indeed&indeed-apply-token=73a2d2b2a8d6d5c0a62696875eaebd669103652d3f0c2cd5445d3e66b1592b0f,False,False,2025-08-26
Analyst Client Support,Loretto,"Syracuse, NY, US","New York, USA",2025-08-26,fulltime,62972.0,Yes,https://careers-loretto2.icims.com/jobs/50396/job?utm_source=indeed_integration&iis=Job%20Board&iisn=Indeed&indeed-apply-token=73a2d2b2a8d6d5c0a62696875eaebd669103652d3f0c2cd5445d3e66b1592b0f,False,True,2025-08-26
Data Analyst 2 Central Office,New York State Office of Mental Health,"Poughkeepsie, NY, US","New York, USA",2025-08-26,fulltime,98165.5,No,https://statejobsny.com/public/vacancyDetailsView.cfm?id=196473,False,False,2025-08-26
Associate  Business Analyst  Partnership  Innovation TD Securities,TD Bank,"New York, NY, US","New York, USA",2025-08-26,fulltime,150000.0,No,https://td.wd3.myworkdayjobs.com/en-US/TD_Bank_Careers/job/New-York-New-York/Associate---Business-Analyst---Partnership---Innovation--TD-Securities_R_1441509,False,False,2025-08-26
Senior Consumer Credit Risk Analyst,M&T Bank,"Buffalo, NY, US","New York, USA",2025-08-26,fulltime,110377.5,No,https://mtb.wd5.myworkdayjobs.com/en-US/MTB/job/Buffalo-NY/Senior-Consumer-Credit-Risk-Analyst_R78970-1,False,False,2025-08-26
Data Analyst,Fora Financial LLC,"New York, NY, US","New York, USA",2025-08-26,Unknown,80000.0,No,https://grnh.se/t4phmctz9us,False,False,2025-08-26
Business Insights Specialist US,TD Bank,"New York, NY, US","New York, USA",2025-08-26,fulltime,125320.0,No,https://td.wd3.myworkdayjobs.com/en-US/TD_Bank_Careers/job/New-York-New-York/Business-Insights-Specialist--US-_R_1441103,False,False,2025-08-26
Senior Finance  Business Intelligence Analyst,J.Crew,"New York, NY, US","New York, USA",2025-08-26,fulltime,114591.5,No,https://jcrew.wd1.myworkdayjobs.com/en-US/JCrewCareers/job/New-York-NY-USA-Headquarters/Senior-Finance---Business-Intelligence-Analyst_117323,False,False,2025-08-26
Senior Applications Support Analyst EHR and Financial Systems,SCO Family of Services,"New York, NY, US","New York, USA",2025-08-26,fulltime,80000.0,Yes,https://recruiting.ultipro.com/SCO1005SCOF/JobBoard/26f8b311-d9ed-49e3-ab9e-a3952acdcba0/OpportunityDetail?opportunityId=51e4a7dc-2f58-4ef2-8733-0a0cf950a9a7&postingId=9d094f70-fb73-4d0e-8931-a27bee2c2a2c,False,True,2025-08-26
Data Analyst,New York City Department of Transportation,"New York, NY, US","New York, USA",2025-08-26,fulltime,107500.0,No,https://cityjobs.nyc.gov/job/data-analyst-in-nyc-all-boros-jid-35952,False,False,2025-08-26
Senior Business Analyst,New York City Department of Environmental Protection,"Queens, NY, US","New York, USA",2025-08-26,fulltime,94106.5,No,https://cityjobs.nyc.gov/job/senior-business-analyst-in-queens-jid-35948,False,False,2025-08-26
Senior Data Analyst,Child Mind Institute,"New York, NY, US","New York, USA",2025-08-25,fulltime,82473.5,Yes,https://workforcenow.adp.com/mascsr/default/mdf/recruitment/recruitment.html?cid=1b50a554-ed4a-4219-a358-aa3cbeea1e70&ccId=19000101_000001&jobId=570093&source=IN&lang=en_US,False,True,2025-08-25
PBM Senior Reporting Analyst,CVS Health,"Albany, NY, US","New York, USA",2025-08-24,fulltime,84694.0,Yes,https://jsv3.recruitics.com/redirect?rx_cid=998&rx_jobId=R0689855_1032&rx_url=https%3A%2F%2Fjobs.cvshealth.com%2Fus%2Fen%2Fjob%2FR0689855_1032%2FPBM-Senior-Reporting-Analyst%3Frx_campaign%3Dindeed0%26rx_ch%3Djobp4p%26rx_group%3D103511%26rx_id%3D4ffd89b6-837a-11f0-95b0-5b2b0550d243%26rx_job%3DR0689855_1032%26rx_medium%3Dcpc%26rx_r%3Dnone%26rx_source%3DIndeed%26rx_ts%3D20250830T000124Z%26rx_vp%3Dcpc%26utm_campaign%3D%26utm_source%3DIndeedPPCOrg,False,True,2025-08-24
Risk Control Self Assessment RCSA  Senior Analyst,American Express,"New York, NY, US","New York, USA",2025-08-21,Unknown,82500.0,No,https://aexp.eightfold.ai/careers/job/30891173?hl=en&utm_source=test123&utm_medium=campaign123&domain=aexp.com,False,False,2025-08-21
HRIS Analyst,Hofstra University,"Hempstead, NY, US","New York, USA",2025-08-17,fulltime,75000.0,No,https://hofstra.peopleadmin.com/postings/6310,False,False,2025-08-17
Senior Betting  Gaming Delivery Consultant Advisory,Amazon Web Services,"New York, NY, US","New York, USA",2025-08-03,fulltime,188600.0,No,https://www.amazon.jobs/jobs/3059282/senior-betting--gaming-delivery-consultant-advisory?cmpid=DA_INAD200785B,False,False,2025-08-03
Business Intelligence Specialist ONSITE,Westchester Medical Center Health Network,"Valhalla, NY, US","New York, USA",2025-07-22,fulltime,107801.0,No,https://wmchealthjobs.org/?jobs=business-intelligence-specialist-onsite-43524,False,False,2025-07-22
Senior Data Analyst Retention Analytics,Tovala,"Chicago, IL, US","Illinois, USA",2025-08-28,fulltime,122243.5,No,https://jobs.lever.co/tovala/fe07395e-b334-4bb0-b69b-be33a7b036e5?lever-source=Indeed,False,False,2025-08-28
Sr Business Data Analyst,DHL,"Rantoul, IL, US","Illinois, USA",2025-08-28,fulltime,92500.0,No,https://apply.jobappnetwork.com/clients/14637/posting/10737317/en?src=indeed&dt=0825&utm_source=indeed&utm_medium=Organic&utm_campaign=indeed,False,False,2025-08-28
Sr Analyst Customs and Trade Compliance,Abbott,"Chicago, IL, US","Illinois, USA",2025-08-28,fulltime,113000.0,No,https://www.jobs.abbott/us/en/job/ABLAUS31128100ENUSEXTERNAL/Sr-Analyst-Customs-and-Trade-Compliance?utm_source=indeed&utm_medium=phenom-feeds,False,False,2025-08-28
Senior Analytics  Insights Associate  Procedural Analytics,"Vizient, Inc.","Chicago, IL, US","Illinois, USA",2025-08-28,Unknown,122200.0,No,https://careers.vizientinc.com/careers/job/446707332672,False,False,2025-08-28
Senior Finance Data Analyst  Chicago IL,ADM,"Chicago, IL, US","Illinois, USA",2025-08-28,fulltime,100000.0,No,https://sjobs.brassring.com/TGnewUI/Search/home/HomeWithPreLoad?partnerid=25416&siteid=5998&PageType=JobDetails&jobid=3332459,False,False,2025-08-28
IT Developer Analyst Intern Master Data  Summer 2026,Medline Industries,"Northbrook, IL, US","Illinois, USA",2025-08-28,fulltime,27.5,No,https://medline.wd5.myworkdayjobs.com/en-US/Medline/job/Northbrook-Illinois/IT-Developer-Analyst-Intern--Master-Data----Summer-2026_R2514324,False,False,2025-08-28
IT Developer Analyst Intern Data Science  Summer 2026,Medline Industries,"Northbrook, IL, US","Illinois, USA",2025-08-28,fulltime,27.5,No,https://medline.wd5.myworkdayjobs.com/en-US/Medline/job/Northbrook-Illinois/IT-Developer-Analyst-Intern--Data-Science----Summer-2026_R2514317,False,False,2025-08-28
AI Analyst,CBIZ,"Chicago, IL, US","Illinois, USA",2025-08-28,fulltime,100000.0,No,https://phf.tbe.taleo.net/phf01/ats/careers/v2/viewRequisition?org=CBIZ&cws=67&rid=20489,False,False,2025-08-28
Board Certified Behavioral Analyst,SpringHealth Behavioral Health and Integrated Care,"Springfield, IL, US","Illinois, USA",2025-08-27,Unknown,53.0,No,https://careers-brightspring.icims.com/jobs/173486/job?utm_source=indeed_integration&iis=Job%20Board&iisn=Indeed&indeed-apply-token=73a2d2b2a8d6d5c0a62696875eaebd669103652d3f0c2cd5445d3e66b1592b0f,False,False,2025-08-27
Treasury Analyst Accounting,Heartland Dental,"Effingham, IL, US","Illinois, USA",2025-08-27,fulltime,57000.0,No,https://click.appcast.io/t/EOvguyEkltUu8OaD8KH4cRo3r_5e73Vr7eZqIseK798=,False,False,2025-08-27
Business Analyst,Argentum Medical,"Geneva, IL, US","Illinois, USA",2025-08-27,fulltime,75000.0,No,https://workforcenow.adp.com/mascsr/default/mdf/recruitment/recruitment.html?cid=35654c86-2f7f-4ade-a8a6-b0825054e526&ccId=19000101_000001&jobId=566549&source=IN&lang=en_US,False,False,2025-08-27
Business Analytics Intern Durable Medical Equipment  Summer 2026,Medline Industries,"Northfield, IL, US","Illinois, USA",2025-08-27,fulltime,27.5,No,https://medline.wd5.myworkdayjobs.com/en-US/Medline/job/Northfield-Illinois/Business-Analytics-Intern--Durable-Medical-Equipments----Summer-2026_R2513983,False,False,2025-08-27
Associate Business Analyst  Summer 2026 Start,Medline Industries,"Northfield, IL, US","Illinois, USA",2025-08-27,fulltime,67340.0,No,https://medline.wd5.myworkdayjobs.com/en-US/Medline/job/Northfield-Illinois/Associate-Business-Analyst---Summer-2026-Start_R2514131-1,False,False,2025-08-27
Analyst Associate Corporate and US Commercial Special Assets,BMO US,"Chicago, IL, US","Illinois, USA",2025-08-27,fulltime,90250.0,No,https://bmo.wd3.myworkdayjobs.com/en-US/External/job/Chicago-IL-USA/Analyst--Associate-Corporate-and-US-Commercial-Special-Assets_R250021448?source=Indeed,False,False,2025-08-27
Associate Business Analyst  Winter 2025 Start,Medline Industries,"Northfield, IL, US","Illinois, USA",2025-08-27,fulltime,67340.0,No,https://medline.wd5.myworkdayjobs.com/en-US/Medline/job/Northfield-Illinois/Associate-Business-Analyst---Winter-2025-Start_R2514134,False,False,2025-08-27
Business Analyst,Neocol,"Chicago, IL, US","Illinois, USA",2025-08-27,Unknown,67543.5,Yes,https://grnh.se/guxv53034us,False,True,2025-08-27
Senior Cost Analyst,Green Thumb Industries,"Chicago, IL, US","Illinois, USA",2025-08-27,Unknown,87500.0,No,https://job-boards.greenhouse.io/greenthumbindustries/jobs/6850142,False,False,2025-08-27
Senior Cost Analyst,Green Thumb Industries,"Rolling Meadows, IL, US","Illinois, USA",2025-08-27,Unknown,87500.0,No,https://job-boards.greenhouse.io/greenthumbindustries/jobs/6852352,False,False,2025-08-27
Social Media Coordinator  Data Analyst,Universal Beauty Products Inc,"Glendale Heights, IL, US","Illinois, USA",2025-08-27,fulltime,55000.0,No,https://universalbeauty.isolvedhire.com/jobs/1582638-373642.html,False,False,2025-08-27
EDI Analyst,Ornua,"Evanston, IL, US","Illinois, USA",2025-08-27,fulltime,75500.0,No,https://careers.ornua.com/job/Evanston-EDI-Analyst-IL-60201/828322102/?feedId=350902&utm_source=Indeed&utm_campaign=Ornua_Indeed,False,False,2025-08-27
Associate Data Analyst,BRAVEN,"Chicago, IL, US","Illinois, USA",2025-08-27,fulltime,66150.0,Yes,https://apply.workable.com/j/1AD5D51107,False,True,2025-08-27
Web Developer  Information Systems Analyst I Option W,State of Illinois,"Springfield, IL, US","Illinois, USA",2025-08-27,fulltime,8541.0,No,https://illinois.jobs2web.com/job/Springfield-Web-Developer-Information-Systems-Analyst-I%2C-Option-W-IL-62703/1320863800/?feedId=339800&utm_source=Indeed&utm_campaign=Illinois_Indeed,False,False,2025-08-27
SR IT Business Data Analyst Remote,AbbVie,"North Chicago, IL, US","Illinois, USA",2025-08-27,fulltime,154800.0,Yes,https://jobs.smartrecruiters.com/AbbVie/3743990009241355-sr-it-business-data-analyst-remote-,False,True,2025-08-27
Job Assistance Data Analyst,Benda Infotech,"Chicago, IL, US","Illinois, USA",2025-08-27,"parttime, fulltime",50169.0,No,http://www.indeed.com/job/job-assistance-data-analyst-97d13c6614aa1466,False,False,2025-08-27
Financial  Business Analyst  International Automotive Distributor 35633,Activ8 Chicago,"Arlington Heights, IL, US","Illinois, USA",2025-08-27,fulltime,72500.0,No,http://www.indeed.com/job/financial-business-analyst-international-automotive-distributor-35633-83824282a78f45a6,False,False,2025-08-27
Senior Financial Analyst,Adtalem Global Education,"Chicago, IL, US","Illinois, USA",2025-08-27,fulltime,86652.0,No,https://jobs.smartrecruiters.com/AdtalemGlobalEducation/744000078415156-senior-financial-analyst,False,False,2025-08-27
Business Analyst,Intone Networks,"Peoria, IL, US","Illinois, USA",2025-08-26,contract,112680.5,No,https://intonenetworks.com/careers-at-intone,False,False,2025-08-26
Product Delivery Analyst,INISGHT2PROFIT,"Chicago, IL, US","Illinois, USA",2025-08-26,fulltime,87500.0,No,https://careers-insight2profit.icims.com/jobs/1742/job?utm_source=indeed_integration&iis=Job%20Board&iisn=Indeed&indeed-apply-token=73a2d2b2a8d6d5c0a62696875eaebd669103652d3f0c2cd5445d3e66b1592b0f,False,False,2025-08-26
Data Visualization Analyst,Applied Systems,"Chicago, IL, US","Illinois, USA",2025-08-26,Unknown,92500.0,Yes,https://careers-appliedsystems.icims.com/jobs/6888/job?utm_source=indeed_integration&iis=Job%20Board&iisn=Indeed&indeed-apply-token=73a2d2b2a8d6d5c0a62696875eaebd669103652d3f0c2cd5445d3e66b1592b0f,False,True,2025-08-26
Data Scientist Analyst,Elevance Health,"Chicago, IL, US","Illinois, USA",2025-08-26,Unknown,94545.0,No,https://careers.elevancehealth.com/data-scientist-analyst/job/86B9B12875B7A8FF8FA6BB050AC07FF3,False,False,2025-08-26
IT Sr Business Analyst 1,USG,"Chicago, IL, US","Illinois, USA",2025-08-26,Unknown,115080.0,No,https://careers.usg.com/jobs/6358746-it-sr-business-analyst-1,False,False,2025-08-26
Data Analyst,Old National Bank,"Chicago, IL, US","Illinois, USA",2025-08-26,fulltime,76600.0,No,https://careers-oldnational.icims.com/jobs/15098/job?utm_source=indeed_integration&iis=Job%20Board&iisn=Indeed&indeed-apply-token=73a2d2b2a8d6d5c0a62696875eaebd669103652d3f0c2cd5445d3e66b1592b0f,False,False,2025-08-26
VAS Pricing Analyst,RJW Logistics,"Lockport, IL, US","Illinois, USA",2025-08-26,fulltime,72500.0,No,https://rjwgroup.hrmdirect.com/employment/view.php?req=3504356&jbsrc=1014&location=94f10622-3831-2426-6b1a-1891a4f98704,False,False,2025-08-26
SR IT BUSINESS DATA ANALYST REMOTE,AbbVie,"North Chicago, IL, US","Illinois, USA",2025-08-26,fulltime,154803.5,Yes,https://careers.abbvie.com/en/job/sr-it-business-data-analyst-remote-in-north-chicago-il-jid-19394,False,True,2025-08-26
Associate Data Center Planner,Ensono,"Downers Grove, IL, US","Illinois, USA",2025-08-26,fulltime,65000.0,Yes,https://grnh.se/lp1d9evp5us,False,True,2025-08-26
Senior Financial Analyst,Adtalem Global Education,"Chicago, IL, US","Illinois, USA",2025-08-26,fulltime,86653.0,No,https://click.appcast.io/t/h4Qq9OC1EcvHxKfobD0hkNiSW69s3QLD1o-1jC53Cl8=,False,False,2025-08-26
Senior Business Analyst  Digital Products,United Airlines,"Chicago, IL, US","Illinois, USA",2025-08-26,fulltime,91883.0,No,https://careers.united.com/us/en/job/UAIUADUSWHQ00025523EXTERNALENUSTALEO/Senior-Business-Analyst-Digital-Products?utm_source=indeed&utm_medium=phenom-feeds,False,False,2025-08-26
Healthcare Analyst Client Reporting,Walgreens,"Deerfield, IL, US","Illinois, USA",2025-08-25,Unknown,82150.0,No,https://jobs.walgreens.com/en/job/-/-/1242/85464890208,False,False,2025-08-25
Business Analyst,Walgreens,"Deerfield, IL, US","Illinois, USA",2025-08-25,Unknown,82150.0,No,https://jobs.walgreens.com/en/job/-/-/1242/85459153984,False,False,2025-08-25
Survey Data  Reporting Analyst,SCH SERVICES,"IL, US","Illinois, USA",2025-08-25,fulltime,92800.0,Yes,https://workforcenow.adp.com/mascsr/default/mdf/recruitment/recruitment.html?cid=7ad3398c-57a1-4ace-b31b-dd2ee184d67e&ccId=19000101_000001&jobId=561282&source=IN&lang=en_US,False,True,2025-08-25
AI Business Analyst,Aldridge Electric,"Libertyville, IL, US","Illinois, USA",2025-08-25,Unknown,105000.0,No,https://aldridge.csod.com/ux/ats/careersite/9/home/requisition/1261?c=aldridge,False,False,2025-08-25
PBM Senior Reporting Analyst,CVS Health,"Springfield, IL, US","Illinois, USA",2025-08-24,fulltime,84694.0,Yes,https://jsv3.recruitics.com/redirect?rx_cid=998&rx_jobId=R0689855_1012&rx_url=https%3A%2F%2Fjobs.cvshealth.com%2Fus%2Fen%2Fjob%2FR0689855_1012%2FPBM-Senior-Reporting-Analyst%3Frx_campaign%3Dindeed0%26rx_ch%3Djobp4p%26rx_group%3D103511%26rx_id%3D47380dcc-837a-11f0-95b0-ff0aeea62294%26rx_job%3DR0689855_1012%26rx_medium%3Dcpc%26rx_r%3Dnone%26rx_source%3DIndeed%26rx_ts%3D20250830T000124Z%26rx_vp%3Dcpc%26utm_campaign%3D%26utm_source%3DIndeedPPCOrg,False,True,2025-08-24
Market Intelligence Analyst II Hybrid,American Medical Association (AMA),"Chicago, IL, US","Illinois, USA",2025-08-20,Unknown,84548.0,No,https://ama-assn.csod.com/ux/ats/careersite/2/home/requisition/3893?c=ama-assn,False,False,2025-08-20
Technology Business Analyst WIC Program,Connective Business Solution,"Tallahassee, FL, US","Florida, USA",2025-08-29,"fulltime, contract",50.0,No,http://www.indeed.com/job/technology-business-analyst-wic-program-ebb291b8b2eb110d,False,False,2025-08-29
Business Intern,Prospera,"Tampa, FL, US","Florida, USA",2025-08-29,internship,32588.5,Yes,http://www.indeed.com/job/business-intern-a0b22b5c3c76b940,False,True,2025-08-29
Cyber BI Service Owner,NBCUniversal,"Orlando, FL, US","Florida, USA",2025-08-29,fulltime,155000.0,Yes,https://jobs.smartrecruiters.com/NBCUniversal3/744000079065044-cyber-bi-service-owner,False,True,2025-08-29
VP Workforce Solutions Business Analyst Hybrid,Information Technology Senior Management Forum,"Tampa, FL, US","Florida, USA",2025-08-28,fulltime,129900.0,No,https://jobs.itsmfleaders.org/job/y95wff/vp-workforce-solutions-business-analyst-(hybrid)/tampa/fl,False,False,2025-08-28
VP Workforce Solutions Business Analyst Hybrid,Information Technology Senior Management Forum,"Tampa, FL, US","Florida, USA",2025-08-28,fulltime,129900.0,No,https://jobs.itsmfleaders.org/job/2sjwdt/vp-workforce-solutions-business-analyst-(hybrid)/tampa/fl,False,False,2025-08-28
Analyst Benefits Finance,TopBuild,"Daytona Beach, FL, US","Florida, USA",2025-08-28,fulltime,65450.0,No,https://topbuild.wd501.myworkdayjobs.com/en-US/TopBuild_External/job/Daytona-Beach-FL---Corp-Headquarters/Analyst--Benefits-Finance_R-119833,False,False,2025-08-28
Management Analyst,University of Florida,"Gainesville, FL, US","Florida, USA",2025-08-28,fulltime,86000.0,No,https://explore.jobs.ufl.edu/cw/en-us/job/536983/management-analyst,False,False,2025-08-28
Analyst Senior Data Entry 1st  2nd shift,AAR Corp.,"Miami, FL, US","Florida, USA",2025-08-28,fulltime,45821.5,No,https://aarcorp.taleo.net/careersection/2/jobdetail.ftl?job=17725&tz=GMT-05%3A00&tzname=America%2FChicago,True,False,2025-08-28
Operations Analyst Data Aggregation  Mitigation Support,General Dynamics Information Technology,"Tampa, FL, US","Florida, USA",2025-08-28,fulltime,85000.0,No,https://click.appcast.io/t/TjJhuMV-KhjES8t0Ra12l8Ptu0RbtkTxfovkZdtQAJw=,False,False,2025-08-28
Sr Analyst Operation Analytics LAC,Burger King,"Miami, FL, US","Florida, USA",2025-08-28,fulltime,72590.0,No,https://rbi.wd3.myworkdayjobs.com/RBI_External_Career_Site/job/Corp---Miami-Corporate-Office/Sr-Analyst--Operation-Analytics--LAC_R2316,False,False,2025-08-28
Order Intake Business Analyst,Johnson & Johnson,"Titusville, FL, US","Florida, USA",2025-08-28,fulltime,85925.0,No,https://www.careers.jnj.com/en/jobs/r-030273/order-intake-business-analyst/,False,False,2025-08-28
Medical Economics Analyst Tampa,MAXhealth,"Tampa, FL, US","Florida, USA",2025-08-28,fulltime,81024.0,No,https://www.applicantpro.com/openings/mymaxdoc/jobs/3843938-451541,False,False,2025-08-28
Senior Analyst Supplier Insights,Southern Glazer’s Wine & Spirits,"Miami, FL, US","Florida, USA",2025-08-28,fulltime,73759.5,No,https://recruiting.southernglazers.com/job/Miami-Senior-Analyst%2C-Supplier-Insights-FL-33169/1321575500/?feedId=364800&utm_source=Indeed&utm_campaign=SWS_Indeed,False,False,2025-08-28
Sr Analyst for Insights,Southern Glazer’s Wine & Spirits,"Miami, FL, US","Florida, USA",2025-08-28,fulltime,74003.0,No,https://recruiting.southernglazers.com/job/Miami-Sr-Analyst-for-Insights-FL-33169/1321577100/?feedId=364800&utm_source=Indeed&utm_campaign=SWS_Indeed,False,False,2025-08-28
Management Analyst,Patriot Enterprises LLC,"Jacksonville, FL, US","Florida, USA",2025-08-28,fulltime,53861.0,No,https://patriotenterprisesllc.isolvedhire.com/jobs/1583669-367992.html,False,False,2025-08-28
Management Analyst,Pinellas County Government,"Clearwater, FL, US","Florida, USA",2025-08-28,Unknown,70251.5,Yes,https://phh.tbe.taleo.net/phh04/ats/careers/v2/viewRequisition?org=PCG&cws=47&rid=19958,False,True,2025-08-28
FSR Analyst,DCI Solutions,"Miami, FL, US","Florida, USA",2025-08-28,fulltime,120000.0,No,http://www.indeed.com/job/fsr-analyst-252859de9b2d4bb3,False,False,2025-08-28
Associate Data Science Analyst Tao Lab,Mayo Clinic,"Jacksonville, FL, US","Florida, USA",2025-08-27,parttime,95867.0,No,https://jobs.mayoclinic.org/job/-/-/33647/85503118928,False,False,2025-08-27
Operations Analyst  Data Aggregation  Mitigation Support,Lucayan Technology Solutions LLC,"Tampa, FL, US","Florida, USA",2025-08-27,fulltime,138493.0,No,https://lucayantechnologysolutionsllc.applytojob.com/apply/uVapvyVyTo/Operations-Analyst-Data-Aggregation-Mitigation-Support?source=INDE&~,False,False,2025-08-27
VP Workforce Solutions Business Analyst Hybrid,Citi,"Tampa, FL, US","Florida, USA",2025-08-27,fulltime,129900.0,No,https://jobs.citi.com/job/-/-/287/85531705296,False,False,2025-08-27
VP Workforce Solutions Business Analyst Hybrid,Citi,"Tampa, FL, US","Florida, USA",2025-08-27,fulltime,129900.0,No,https://jobs.citi.com/job/-/-/287/85531705264,False,False,2025-08-27
Sr Analyst  Revenue Data Marketing Analytics,PODS,"Clearwater, FL, US","Florida, USA",2025-08-27,fulltime,105083.0,Yes,https://careers.pods.com/us/en/job/PODPODUSSRANA005130EXTERNALENUS/Sr-Analyst-Revenue-Data-Marketing-Analytics?utm_source=indeed&utm_medium=phenom-feeds,False,True,2025-08-27
Geophysical Data Analyst USNDC,KBR,"Patrick Afb, FL, US","Florida, USA",2025-08-27,fulltime,91183.5,No,https://careers.kbr.com/us/en/job/KIVKBRUSR2111413EXTERNALENUS/Geophysical-Data-Analyst-USNDC?utm_source=indeed&utm_medium=phenom-feeds,False,False,2025-08-27
Sr Analyst  Revenue Data Marketing Analytics,PODS,"Clearwater, FL, US","Florida, USA",2025-08-27,fulltime,86519.0,Yes,https://recruiting.ultipro.com/POD1000PODSE/JobBoard/9d07ea8d-f781-41bb-9e04-740ffea710c1/OpportunityDetail?opportunityId=a134e767-9379-4a4e-8dc6-6b7e11fed63f&postingId=a4fa323b-5fc2-43e2-995b-7a4a109d63e6,False,True,2025-08-27
Commercial Analytics Summer 2026 Internship,Florida Blue (Blue Cross and Blue Shield of Florida),"Jacksonville, FL, US","Florida, USA",2025-08-27,fulltime,25.0,No,https://fa-etum-saasfaprod1.fa.ocs.oraclecloud.com/hcmUI/CandidateExperience/en/sites/CX_1001/requisitions/preview/40986,False,False,2025-08-27
Sr Analyst  Revenue Data Marketing Analytics,PODS,"Clearwater, FL, US","Florida, USA",2025-08-27,fulltime,86519.0,Yes,https://click.appcast.io/t/vS4w6eDezctpG-oiUoEOJysc2_exrDSQzln0i1tmn-M=,False,True,2025-08-27
Senior Data Analyst I Tampa FL,LexisNexis Risk Solutions,"FL, US","Florida, USA",2025-08-27,fulltime,58387.0,No,https://relx.wd3.myworkdayjobs.com/en-US/RiskSolutions/job/Florida/Senior-Data-Analyst-I--Tampa--FL-_R99594,False,False,2025-08-27
Senior Data Analyst I Tampa FL,RELX Group,"FL, US","Florida, USA",2025-08-27,fulltime,82784.0,No,https://relx.wd3.myworkdayjobs.com/en-US/relx/job/Florida/Senior-Data-Analyst-I--Tampa--FL-_R99594-1,False,False,2025-08-27
Sr Medical Economics Analyst,AdventHealth Corporate,"Maitland, FL, US","Florida, USA",2025-08-27,fulltime,45.0,No,https://AdventHealth.contacthr.com/148832572,False,False,2025-08-27
Business Service Specialist  Business Banking,"NewtekOne, Inc.","Miami, FL, US","Florida, USA",2025-08-27,fulltime,65000.0,No,https://newtekone.isolvedhire.com/jobs/1582560-312920.html,False,False,2025-08-27
Business Intelligence Analyst College of Nursing,University of Florida,"Gainesville, FL, US","Florida, USA",2025-08-27,fulltime,70000.0,No,https://explore.jobs.ufl.edu/cw/en-us/job/536954/business-intelligence-analyst-college-of-nursing,False,False,2025-08-27
Senior Analyst Construction  Capital Accounts,Broward College,"Davie, FL, US","Florida, USA",2025-08-27,fulltime,57529.0,No,https://browardcollege.wd5.myworkdayjobs.com/en-US/FT/job/Central-Campus/Senior-Analyst--Construction---Capital-Accounts_REQ-000046413-1,False,False,2025-08-27
Senior Data Analyst,Feeding Tampa Bay,"Tampa, FL, US","Florida, USA",2025-08-27,Unknown,64855.0,No,https://recruiting.paylocity.com/recruiting/jobs/Details/3533034/Feeding-Tampa-Bay/Senior-Data-Analyst?source=Indeed_Feed,False,False,2025-08-27
Forecasting Analyst,Disney Experiences,"Lake Buena Vista, FL, US","Florida, USA",2025-08-27,Unknown,65898.5,No,https://www.disneycareers.com/job/-/-/391/85495566576,False,False,2025-08-27
Analyst Data  AIMLSQLSalesforce  Remote,Molina Healthcare,"FL, US","Florida, USA",2025-08-27,fulltime,97402.0,Yes,https://careers.molinahealthcare.com/job/-/-/21726/85489151104,False,True,2025-08-27
Flight Training Data Analyst,"Atlas Air, Inc.","Miami, FL, US","Florida, USA",2025-08-26,fulltime,83000.0,No,https://careers-atlasair.icims.com/jobs/6810/job?utm_source=indeed_integration&iis=Job%20Board&iisn=Indeed&indeed-apply-token=73a2d2b2a8d6d5c0a62696875eaebd669103652d3f0c2cd5445d3e66b1592b0f,False,False,2025-08-26
Data Analyst  Tampa,Photon,"Tampa, FL, US","Florida, USA",2025-08-26,fulltime,103500.0,No,https://fa-ertb-saasfaprod1.fa.ocs.oraclecloud.com/hcmUI/CandidateExperience/en/sites/CX_2/requisitions/preview/23727,False,False,2025-08-26
Health Care Data Analyst Specialist,Palm Medical Centers,"Coral Gables, FL, US","Florida, USA",2025-08-26,fulltime,52500.0,No,https://palmmedicalcenters.applytojob.com/apply/lFs7y5pjIP/Health-Care-Data-Analyst-Specialist?source=INDE&~,False,False,2025-08-26
Business Analyst,Disruptive Tech Solutions,"Jacksonville, FL, US","Florida, USA",2025-08-26,fulltime,91724.0,Yes,https://www.disruptivetechsolutions.com/careers.html,False,True,2025-08-26
PBM Senior Reporting Analyst,CVS Health,"Tallahassee, FL, US","Florida, USA",2025-08-24,fulltime,84694.0,Yes,https://jsv3.recruitics.com/redirect?rx_cid=998&rx_jobId=R0689855_1008&rx_url=https%3A%2F%2Fjobs.cvshealth.com%2Fus%2Fen%2Fjob%2FR0689855_1008%2FPBM-Senior-Reporting-Analyst%3Frx_campaign%3Dindeed0%26rx_ch%3Djobp4p%26rx_group%3D103511%26rx_id%3D4ffaca90-837a-11f0-95b0-ff1e969d0166%26rx_job%3DR0689855_1008%26rx_medium%3Dcpc%26rx_r%3Dnone%26rx_source%3DIndeed%26rx_ts%3D20250830T000124Z%26rx_vp%3Dcpc%26utm_campaign%3D%26utm_source%3DIndeedPPCOrg,False,True,2025-08-24
STARCOM  Jr Business Analyst Patrick Space Force Base FL,"Integrated Data Services, Inc.","Patrick Afb, FL, US","Florida, USA",2025-08-07,fulltime,82500.0,No,https://get-integrated.hrmdirect.com/employment/view.php?req=3432262&jbsrc=1014&location=2bcf9b55-0413-4f44-7675-80143ccb0b90,False,False,2025-08-07
Salesforce Solution Analyst,GoodLeap,"West Palm Beach, FL, US","Florida, USA",2025-07-24,fulltime,125000.0,No,https://jobs.lever.co/goodleap/48b7a6ee-d738-4dc2-907d-032dfcc62f0c?lever-source=Indeed,False,False,2025-07-24
EDI Analyst,Tommy Bahama,"Seattle, WA, US","Washington, USA",2025-08-28,fulltime,86653.5,No,https://oxford.wd5.myworkdayjobs.com/en-US/TommyBahamaUS/job/Corporate---SeattleWA/EDI-Analyst_R43982,False,False,2025-08-28
Senior Financial Analyst Artificial General Intelligence  Data Services,Amazon.com,"Bellevue, WA, US","Washington, USA",2025-08-28,Unknown,94500.0,No,https://www.amazon.jobs/en/jobs/3069295/senior-financial-analyst-artificial-general-intelligence-data-services?adhoc_referrer=indeed_organic,False,False,2025-08-28
AntiFraud Data Analyst  USDS,TikTok,"Seattle, WA, US","Washington, USA",2025-08-28,Unknown,134984.5,No,https://lifeattiktok.com/search/7543708400342239496,False,False,2025-08-28
Operations Data Analyst,"Twin City Foods, Inc.","Stanwood, WA, US","Washington, USA",2025-08-28,fulltime,80000.0,No,https://secure.entertimeonline.com/ta/6145398.careers?ShowJob=855904641,False,False,2025-08-28
Data Analyst,Renton Technical College,"Renton, WA, US","Washington, USA",2025-08-27,fulltime,83290.0,Yes,https://www.schooljobs.com/careers/rentontc/jobs/5059992/data-analyst,False,True,2025-08-27
Data Analyst II,Microsoft,"Redmond, WA, US","Washington, USA",2025-08-27,fulltime,135200.0,No,https://careers.microsoft.com/us/en/job/1864803/Data-Analyst-II?jobsource=indeed&utm_source=Job%20Board&utm_campaign=indeed-feed,False,False,2025-08-27
Program Sr Analyst,CBRE,"Seattle, WA, US","Washington, USA",2025-08-27,fulltime,102500.0,Yes,https://careers.cbre.com/en_US/careers/JobDetail/Program-Sr-Analyst/235740,False,True,2025-08-27
DSHS FTAA IT Business Analyst  Journey,State of Washington,"Olympia, WA, US","Washington, USA",2025-08-26,fulltime,8219.5,No,https://www.governmentjobs.com/careers/washington/jobs/5056637/dshs-ftaa-it-business-analyst-journey,False,False,2025-08-26
Business Analyst  Fulfillment by Amazon FBA Science,Amazon.com,"Bellevue, WA, US","Washington, USA",2025-08-26,Unknown,78800.0,No,https://www.amazon.jobs/en/jobs/3067470/business-analyst-fulfillment-by-amazon-fba-science?adhoc_referrer=indeed_organic,False,False,2025-08-26
Real Estate Portfolio Analyst Data Center Supply Solutions,Amazon.com,"Seattle, WA, US","Washington, USA",2025-08-26,Unknown,88400.0,No,https://www.amazon.jobs/en/jobs/3067521/real-estate-portfolio-analyst-data-center-supply-solutions?adhoc_referrer=indeed_organic,False,False,2025-08-26
Business Analyst  Fulfillment by Amazon FBA Science,Amazon.com,"Bellevue, WA, US","Washington, USA",2025-08-26,fulltime,78800.0,No,https://www.amazon.jobs/jobs/3067470/business-analyst--fulfillment-by-amazon-fba-science?cmpid=DA_INAD200785B,False,False,2025-08-26
Staff Data Analyst  Federal,Okta,"Bellevue, WA, US","Washington, USA",2025-08-26,fulltime,169000.0,Yes,https://www.okta.com/company/careers/business-technology/staff-data-analyst-federal-auth0-7128732/,False,True,2025-08-26
Sr Business Analyst Distributed Cloud Services,F5,"Seattle, WA, US","Washington, USA",2025-08-26,fulltime,147700.0,No,https://ffive.wd5.myworkdayjobs.com/en-US/f5jobs/job/Seattle/Sr-Business-Analyst--Distributed-Cloud-Services_RP1034448,False,False,2025-08-26
Business Intelligence Analyst Associate or Experienced,Boeing,"Seattle, WA, US","Washington, USA",2025-08-26,Unknown,99100.0,No,https://jobs.boeing.com/job/-/-/185/85468338784,False,False,2025-08-26
Membership Data Specialist,AAA Washington,"Bellevue, WA, US","Washington, USA",2025-08-26,Unknown,24.0,Yes,https://phh.tbe.taleo.net/phh02/ats/careers/v2/viewRequisition?org=AAA&cws=39&rid=2217,False,True,2025-08-26
Business Data Analyst,AgWest Farm Credit,"Spokane, WA, US","Washington, USA",2025-08-26,fulltime,84650.0,No,https://grnh.se/rfdhy4pn9us,False,False,2025-08-26
Real Estate Portfolio Analyst Data Center Supply Solutions,Amazon.com,"Seattle, WA, US","Washington, USA",2025-08-25,fulltime,88400.0,No,https://www.amazon.jobs/jobs/3067521/real-estate-portfolio-analyst-data-center-supply-solutions?cmpid=DA_INAD200785B,False,False,2025-08-25
Engineering Systems and Data Analyst,Port of Seattle,"Seattle, WA, US","Washington, USA",2025-08-25,fulltime,134680.0,No,https://aa243.taleo.net/careersection/ex/jobdetail.ftl?job=55918,False,False,2025-08-25
Revenue Management Analyst,Holland America Line,"Seattle, WA, US","Washington, USA",2025-08-25,fulltime,69550.0,No,https://jobs.carnivalcorp.com/job/-/-/28021/85462254480,False,False,2025-08-25
IT Business Analyst,NAC Architecture,"Seattle, WA, US","Washington, USA",2025-08-25,Unknown,100000.0,No,https://recruiting.paylocity.com/recruiting/jobs/Details/3522067/NAC-Architecture/IT-Business-Analyst?source=Indeed_Feed,False,False,2025-08-25
Senior Financial Analyst Artificial General Intelligence  Data Services,Amazon.com,"Bellevue, WA, US","Washington, USA",2025-08-24,fulltime,94500.0,No,https://www.amazon.jobs/jobs/3069295/senior-financial-analyst-artificial-general-intelligence--data-services?cmpid=DA_INAD200785B,False,False,2025-08-24
PBM Senior Reporting Analyst,CVS Health,"Olympia, WA, US","Washington, USA",2025-08-24,fulltime,84694.0,Yes,https://jsv3.recruitics.com/redirect?rx_cid=998&rx_jobId=R0689855_1045&rx_url=https%3A%2F%2Fjobs.cvshealth.com%2Fus%2Fen%2Fjob%2FR0689855_1045%2FPBM-Senior-Reporting-Analyst%3Frx_campaign%3Dindeed0%26rx_ch%3Djobp4p%26rx_group%3D103511%26rx_id%3D4dc0b8e0-837a-11f0-95b0-07340d548db6%26rx_job%3DR0689855_1045%26rx_medium%3Dcpc%26rx_r%3Dnone%26rx_source%3DIndeed%26rx_ts%3D20250830T000124Z%26rx_vp%3Dcpc%26utm_campaign%3D%26utm_source%3DIndeedPPCOrg,False,True,2025-08-24
Healthcare Information  Management Systems Data Analyst OPEN  PROMOTIONAL,Spokane County,"Spokane, WA, US","Washington, USA",2025-08-24,fulltime,76619.5,No,https://www.governmentjobs.com/careers/spokanecountywa/jobs/5055153/healthcare-information-management-systems-data-analyst-open-promotional,False,False,2025-08-24
Senior Betting  Gaming Delivery Consultant Advisory,Amazon Web Services,"Seattle, WA, US","Washington, USA",2025-08-03,fulltime,188600.0,No,https://www.amazon.jobs/jobs/3059282/senior-betting--gaming-delivery-consultant-advisory?cmpid=DA_INAD200785B,False,False,2025-08-03
Senior Compliance Data Analyst NAST SC DAS,Amazon.com,"Seattle, WA, US","Washington, USA",2025-07-30,fulltime,60900.0,No,https://www.amazon.jobs/jobs/3052956/senior-compliance-data-analyst-nast-sc-das?cmpid=DA_INAD200785B,False,False,2025-07-30
Sr Business Analyst Selling Partner Services,Amazon.com,"Bellevue, WA, US","Washington, USA",2025-07-20,fulltime,145700.0,No,https://www.amazon.jobs/jobs/3046991/sr-business-analyst-selling-partner-services-?cmpid=DA_INAD200785B,False,False,2025-07-20
Sr Business Analyst Selling Partner Services,Amazon.com,"Seattle, WA, US","Washington, USA",2025-07-20,fulltime,145700.0,No,https://www.amazon.jobs/jobs/3046991/sr-business-analyst-selling-partner-services-?cmpid=DA_INAD200785B,False,False,2025-07-20
Senior Compliance Data Analyst NAST SC DAS,Amazon.com,"Seattle, WA, US","Washington, USA",2025-07-15,fulltime,60900.0,No,https://www.amazon.jobs/jobs/3048390/senior-compliance-data-analyst-nast-sc-das?cmpid=DA_INAD200785B,False,False,2025-07-15
Business Analyst,Amazon.com,"Bellevue, WA, US","Washington, USA",2025-07-13,fulltime,105000.0,No,https://www.amazon.jobs/jobs/3034711/business-analyst?cmpid=DA_INAD200785B,False,False,2025-07-13
Business Analyst,Amazon.com,"Seattle, WA, US","Washington, USA",2025-07-13,fulltime,105000.0,No,https://www.amazon.jobs/jobs/3034711/business-analyst?cmpid=DA_INAD200785B,False,False,2025-07-13
Business Analyst II Selling Partner Services,Amazon.com,"Bellevue, WA, US","Washington, USA",2025-06-16,fulltime,105000.0,No,https://www.amazon.jobs/jobs/3019450/business-analyst-ii-selling-partner-services-?cmpid=DA_INAD200785B,False,False,2025-06-16
Business Analyst II Selling Partner Services,Amazon.com,"Seattle, WA, US","Washington, USA",2025-06-16,fulltime,105000.0,No,https://www.amazon.jobs/jobs/3019450/business-analyst-ii-selling-partner-services-?cmpid=DA_INAD200785B,False,False,2025-06-16
Business Analyst TOM Analytics and Insights TOM Analytics and Insights,Amazon.com,"Bellevue, WA, US","Washington, USA",2025-06-16,fulltime,105000.0,No,https://www.amazon.jobs/jobs/3032750/business-analyst-tom-analytics-and-insights-tom-analytics-and-insights?cmpid=DA_INAD200785B,False,False,2025-06-16
Senior Financial Analyst AWS Infrastructure Data Center Finance,Amazon.com,"Seattle, WA, US","Washington, USA",2025-06-12,fulltime,94500.0,No,https://www.amazon.jobs/jobs/3033322/senior-financial-analyst-aws-infrastructure-data-center-finance?cmpid=DA_INAD200785B,False,False,2025-06-12
Business Analyst Amazon Logistics AMZL SOP Planning,Amazon.com,"Bellevue, WA, US","Washington, USA",2025-06-10,fulltime,105000.0,No,https://www.amazon.jobs/jobs/3007598/business-analyst-amazon-logistics-amzl-sop-planning?cmpid=DA_INAD200785B,False,False,2025-06-10
Senior Business Analyst Transportation Long Term Planning,Amazon.com,"Bellevue, WA, US","Washington, USA",2025-06-03,fulltime,145700.0,No,https://www.amazon.jobs/jobs/3020369/senior-business-analyst-transportation-long-term-planning-?cmpid=DA_INAD200785B,False,False,2025-06-03
Senior Business Analyst RISC GDA,Amazon.com,"Seattle, WA, US","Washington, USA",2025-04-30,fulltime,145700.0,No,https://www.amazon.jobs/jobs/3047235/senior-business-analyst-risc-gda?cmpid=DA_INAD200785B,False,False,2025-04-30
Senior Business Analyst RISC GDA,Amazon.com,"Seattle, WA, US","Washington, USA",2025-04-27,fulltime,145700.0,No,https://www.amazon.jobs/jobs/2975186/senior-business-analyst-risc-gda?cmpid=DA_INAD200785B,False,False,2025-04-27
Business Analyst AMZL,Amazon.com,"Bellevue, WA, US","Washington, USA",2025-04-17,fulltime,105000.0,No,https://www.amazon.jobs/jobs/2959810/business-analyst-amzl?cmpid=DA_INAD200785B,False,False,2025-04-17
Business Analyst AMZL,Amazon.com,"Seattle, WA, US","Washington, USA",2025-04-17,fulltime,105000.0,No,https://www.amazon.jobs/jobs/2959810/business-analyst-amzl?cmpid=DA_INAD200785B,False,False,2025-04-17
Business Analyst III  Fulfillment by Amazon FBA Science,Amazon.com,"Bellevue, WA, US","Washington, USA",2025-04-03,fulltime,145700.0,No,https://www.amazon.jobs/jobs/2955167/business-analyst-iii--fulfillment-by-amazon-fba-science?cmpid=DA_INAD200785B,False,False,2025-04-03
Sr Business Analyst Time  Distance Authority,Amazon.com,"Bellevue, WA, US","Washington, USA",2025-03-30,fulltime,145700.0,No,https://www.amazon.jobs/jobs/2946573/sr-business-analyst-time--distance-authority?cmpid=DA_INAD200785B,False,False,2025-03-30
Business Intel Engineer Automated Profitability Management,Amazon.com,"Seattle, WA, US","Washington, USA",2025-02-27,fulltime,137300.0,No,https://www.amazon.jobs/jobs/2928562/business-intel-engineer-automated-profitability-management?cmpid=DA_INAD200785B,False,False,2025-02-27
Senior Business Analyst,Amazon.com,"Seattle, WA, US","Washington, USA",2025-02-11,fulltime,145700.0,No,https://www.amazon.jobs/jobs/2899994/senior-business-analyst?cmpid=DA_INAD200785B,False,False,2025-02-11
Senior Business Analyst,Amazon.com,"Bellevue, WA, US","Washington, USA",2025-02-11,fulltime,145700.0,No,https://www.amazon.jobs/jobs/2899994/senior-business-analyst?cmpid=DA_INAD200785B,False,False,2025-02-11
Business Analyst,Amazon.com,"Bellevue, WA, US","Washington, USA",2025-02-11,fulltime,78800.0,No,https://www.amazon.jobs/jobs/2900205/business-analyst?cmpid=DA_INAD200785B,False,False,2025-02-11
Business Analyst,Amazon.com,"Bellevue, WA, US","Washington, USA",2025-01-21,fulltime,105000.0,No,https://www.amazon.jobs/jobs/2883250/business-analyst?cmpid=DA_INAD200785B,False,False,2025-01-21
Business Analyst,Amazon.com,"Seattle, WA, US","Washington, USA",2025-01-21,fulltime,105000.0,No,https://www.amazon.jobs/jobs/2883250/business-analyst?cmpid=DA_INAD200785B,False,False,2025-01-21
